<?xml version="1.0" encoding="UTF-8"?>
<Configuration status="WARN">
    <Appenders>
        <Console name="Console" target="SYSTEM_OUT">
            <PatternLayout pattern="%d{HH:mm:ss} [%t] %-5level %logger{36} - %msg%n"/>
        </Console>
    </Appenders>
    <Loggers>
        <Logger name="com.controller" level="debug" additivity="false">
            <AppenderRef ref="Console" level="debug"/>
        </Logger>
        <Root level="debug" additivity="false">
            <AppenderRef ref="Console" />
        </Root>
    </Loggers>
</Configuration>

