<?xml version="1.0" encoding="UTF-8"?>
<Configuration status="WARN">

    <Appenders>
        <File name="logFile" fileName="logs/output.log">
            <PatternLayout pattern="%d{HH:mm:ss.SSS} [%t] %-5level %logger{36} - %msg%n"/>
        </File>
        <Console name="Console" target="SYSTEM_OUT">
            <PatternLayout pattern="%d{HH:mm:ss.SSS} [%t] %-5level %logger{36} - %msg%n"/>
        </Console>
    </Appenders>

    <Loggers>
        <Logger name="main.java.com.company.Main" level="debug" additivity="false">
            <AppenderRef ref="Console" level="debug"/>
        </Logger>
        <Root level="all">
            <AppenderRef ref="Console"/>
            <AppenderRef ref="logFile"/>
        </Root>
    </Loggers>

</Configuration>